Type,Library,Test,Result
Parse Validation, ArduinoJson (C++), JsonChecker pass1, false
Parse Validation, ArduinoJson (C++), JsonChecker pass2, false
Parse Validation, ArduinoJson (C++), JsonChecker pass3, true
Parse Validation, ArduinoJson (C++), JsonChecker fail2, true
Parse Validation, ArduinoJson (C++), JsonChecker fail3, true
Parse Validation, ArduinoJson (C++), JsonChecker fail4, true
Parse Validation, ArduinoJson (C++), JsonChecker fail5, true
Parse Validation, ArduinoJson (C++), JsonChecker fail6, true
Parse Validation, ArduinoJson (C++), JsonChecker fail7, true
Parse Validation, ArduinoJson (C++), JsonChecker fail8, true
Parse Validation, ArduinoJson (C++), JsonChecker fail9, true
Parse Validation, ArduinoJson (C++), JsonChecker fail10, false
Parse Validation, ArduinoJson (C++), JsonChecker fail11, true
Parse Validation, ArduinoJson (C++), JsonChecker fail12, true
Parse Validation, ArduinoJson (C++), JsonChecker fail13, false
Parse Validation, ArduinoJson (C++), JsonChecker fail14, true
Parse Validation, ArduinoJson (C++), JsonChecker fail15, true
Parse Validation, ArduinoJson (C++), JsonChecker fail16, true
Parse Validation, ArduinoJson (C++), JsonChecker fail17, true
Parse Validation, ArduinoJson (C++), JsonChecker fail19, true
Parse Validation, ArduinoJson (C++), JsonChecker fail20, true
Parse Validation, ArduinoJson (C++), JsonChecker fail21, true
Parse Validation, ArduinoJson (C++), JsonChecker fail22, true
Parse Validation, ArduinoJson (C++), JsonChecker fail23, true
Parse Validation, ArduinoJson (C++), JsonChecker fail24, true
Parse Validation, ArduinoJson (C++), JsonChecker fail25, true
Parse Validation, ArduinoJson (C++), JsonChecker fail26, true
Parse Validation, ArduinoJson (C++), JsonChecker fail27, true
Parse Validation, ArduinoJson (C++), JsonChecker fail28, true
Parse Validation, ArduinoJson (C++), JsonChecker fail29, true
Parse Validation, ArduinoJson (C++), JsonChecker fail30, true
Parse Validation, ArduinoJson (C++), JsonChecker fail31, true
Parse Validation, ArduinoJson (C++), JsonChecker fail32, true
Parse Validation, ArduinoJson (C++), JsonChecker fail33, true
Parse Validation, CAJUN (C++), JsonChecker pass1, true
Parse Validation, CAJUN (C++), JsonChecker pass2, true
Parse Validation, CAJUN (C++), JsonChecker pass3, true
Parse Validation, CAJUN (C++), JsonChecker fail2, true
Parse Validation, CAJUN (C++), JsonChecker fail3, true
Parse Validation, CAJUN (C++), JsonChecker fail4, true
Parse Validation, CAJUN (C++), JsonChecker fail5, true
Parse Validation, CAJUN (C++), JsonChecker fail6, true
Parse Validation, CAJUN (C++), JsonChecker fail7, true
Parse Validation, CAJUN (C++), JsonChecker fail8, true
Parse Validation, CAJUN (C++), JsonChecker fail9, true
Parse Validation, CAJUN (C++), JsonChecker fail10, true
Parse Validation, CAJUN (C++), JsonChecker fail11, true
Parse Validation, CAJUN (C++), JsonChecker fail12, true
Parse Validation, CAJUN (C++), JsonChecker fail13, false
Parse Validation, CAJUN (C++), JsonChecker fail14, true
Parse Validation, CAJUN (C++), JsonChecker fail15, true
Parse Validation, CAJUN (C++), JsonChecker fail16, true
Parse Validation, CAJUN (C++), JsonChecker fail17, true
Parse Validation, CAJUN (C++), JsonChecker fail19, true
Parse Validation, CAJUN (C++), JsonChecker fail20, true
Parse Validation, CAJUN (C++), JsonChecker fail21, true
Parse Validation, CAJUN (C++), JsonChecker fail22, true
Parse Validation, CAJUN (C++), JsonChecker fail23, true
Parse Validation, CAJUN (C++), JsonChecker fail24, true
Parse Validation, CAJUN (C++), JsonChecker fail25, false
Parse Validation, CAJUN (C++), JsonChecker fail26, true
Parse Validation, CAJUN (C++), JsonChecker fail27, false
Parse Validation, CAJUN (C++), JsonChecker fail28, true
Parse Validation, CAJUN (C++), JsonChecker fail29, false
Parse Validation, CAJUN (C++), JsonChecker fail30, false
Parse Validation, CAJUN (C++), JsonChecker fail31, true
Parse Validation, CAJUN (C++), JsonChecker fail32, true
Parse Validation, CAJUN (C++), JsonChecker fail33, true
Parse Validation, cJSON (C), JsonChecker pass1, true
Parse Validation, cJSON (C), JsonChecker pass2, true
Parse Validation, cJSON (C), JsonChecker pass3, true
Parse Validation, cJSON (C), JsonChecker fail2, true
Parse Validation, cJSON (C), JsonChecker fail3, true
Parse Validation, cJSON (C), JsonChecker fail4, true
Parse Validation, cJSON (C), JsonChecker fail5, true
Parse Validation, cJSON (C), JsonChecker fail6, true
Parse Validation, cJSON (C), JsonChecker fail7, false
Parse Validation, cJSON (C), JsonChecker fail8, false
Parse Validation, cJSON (C), JsonChecker fail9, true
Parse Validation, cJSON (C), JsonChecker fail10, false
Parse Validation, cJSON (C), JsonChecker fail11, true
Parse Validation, cJSON (C), JsonChecker fail12, true
Parse Validation, cJSON (C), JsonChecker fail13, false
Parse Validation, cJSON (C), JsonChecker fail14, true
Parse Validation, cJSON (C), JsonChecker fail15, false
Parse Validation, cJSON (C), JsonChecker fail16, true
Parse Validation, cJSON (C), JsonChecker fail17, false
Parse Validation, cJSON (C), JsonChecker fail19, true
Parse Validation, cJSON (C), JsonChecker fail20, true
Parse Validation, cJSON (C), JsonChecker fail21, true
Parse Validation, cJSON (C), JsonChecker fail22, true
Parse Validation, cJSON (C), JsonChecker fail23, true
Parse Validation, cJSON (C), JsonChecker fail24, true
Parse Validation, cJSON (C), JsonChecker fail25, false
Parse Validation, cJSON (C), JsonChecker fail26, false
Parse Validation, cJSON (C), JsonChecker fail27, false
Parse Validation, cJSON (C), JsonChecker fail28, false
Parse Validation, cJSON (C), JsonChecker fail29, false
Parse Validation, cJSON (C), JsonChecker fail30, false
Parse Validation, cJSON (C), JsonChecker fail31, true
Parse Validation, cJSON (C), JsonChecker fail32, true
Parse Validation, cJSON (C), JsonChecker fail33, true
Parse Validation, dropbox/json11 (C++11), JsonChecker pass1, true
Parse Validation, dropbox/json11 (C++11), JsonChecker pass2, true
Parse Validation, dropbox/json11 (C++11), JsonChecker pass3, true
Parse Validation, dropbox/json11 (C++11), JsonChecker fail2, true
Parse Validation, dropbox/json11 (C++11), JsonChecker fail3, true
Parse Validation, dropbox/json11 (C++11), JsonChecker fail4, true
Parse Validation, dropbox/json11 (C++11), JsonChecker fail5, true
Parse Validation, dropbox/json11 (C++11), JsonChecker fail6, true
Parse Validation, dropbox/json11 (C++11), JsonChecker fail7, true
Parse Validation, dropbox/json11 (C++11), JsonChecker fail8, true
Parse Validation, dropbox/json11 (C++11), JsonChecker fail9, true
Parse Validation, dropbox/json11 (C++11), JsonChecker fail10, true
Parse Validation, dropbox/json11 (C++11), JsonChecker fail11, true
Parse Validation, dropbox/json11 (C++11), JsonChecker fail12, true
Parse Validation, dropbox/json11 (C++11), JsonChecker fail13, true
Parse Validation, dropbox/json11 (C++11), JsonChecker fail14, true
Parse Validation, dropbox/json11 (C++11), JsonChecker fail15, true
Parse Validation, dropbox/json11 (C++11), JsonChecker fail16, true
Parse Validation, dropbox/json11 (C++11), JsonChecker fail17, true
Parse Validation, dropbox/json11 (C++11), JsonChecker fail19, true
Parse Validation, dropbox/json11 (C++11), JsonChecker fail20, true
Parse Validation, dropbox/json11 (C++11), JsonChecker fail21, true
Parse Validation, dropbox/json11 (C++11), JsonChecker fail22, true
Parse Validation, dropbox/json11 (C++11), JsonChecker fail23, true
Parse Validation, dropbox/json11 (C++11), JsonChecker fail24, true
Parse Validation, dropbox/json11 (C++11), JsonChecker fail25, true
Parse Validation, dropbox/json11 (C++11), JsonChecker fail26, true
Parse Validation, dropbox/json11 (C++11), JsonChecker fail27, true
Parse Validation, dropbox/json11 (C++11), JsonChecker fail28, true
Parse Validation, dropbox/json11 (C++11), JsonChecker fail29, true
Parse Validation, dropbox/json11 (C++11), JsonChecker fail30, true
Parse Validation, dropbox/json11 (C++11), JsonChecker fail31, true
Parse Validation, dropbox/json11 (C++11), JsonChecker fail32, true
Parse Validation, dropbox/json11 (C++11), JsonChecker fail33, true
Parse Validation, FastJson (C++), JsonChecker pass1, true
Parse Validation, FastJson (C++), JsonChecker pass2, true
Parse Validation, FastJson (C++), JsonChecker pass3, true
Parse Validation, FastJson (C++), JsonChecker fail2, true
Parse Validation, FastJson (C++), JsonChecker fail3, true
Parse Validation, FastJson (C++), JsonChecker fail4, true
Parse Validation, FastJson (C++), JsonChecker fail5, true
Parse Validation, FastJson (C++), JsonChecker fail6, true
Parse Validation, FastJson (C++), JsonChecker fail7, true
Parse Validation, FastJson (C++), JsonChecker fail8, true
Parse Validation, FastJson (C++), JsonChecker fail9, true
Parse Validation, FastJson (C++), JsonChecker fail10, false
Parse Validation, FastJson (C++), JsonChecker fail11, true
Parse Validation, FastJson (C++), JsonChecker fail12, true
Parse Validation, FastJson (C++), JsonChecker fail13, true
Parse Validation, FastJson (C++), JsonChecker fail14, true
Parse Validation, FastJson (C++), JsonChecker fail15, true
Parse Validation, FastJson (C++), JsonChecker fail16, true
Parse Validation, FastJson (C++), JsonChecker fail17, true
Parse Validation, FastJson (C++), JsonChecker fail19, true
Parse Validation, FastJson (C++), JsonChecker fail20, true
Parse Validation, FastJson (C++), JsonChecker fail21, true
Parse Validation, FastJson (C++), JsonChecker fail22, true
Parse Validation, FastJson (C++), JsonChecker fail23, true
Parse Validation, FastJson (C++), JsonChecker fail24, true
Parse Validation, FastJson (C++), JsonChecker fail25, false
Parse Validation, FastJson (C++), JsonChecker fail26, true
Parse Validation, FastJson (C++), JsonChecker fail27, false
Parse Validation, FastJson (C++), JsonChecker fail28, true
Parse Validation, FastJson (C++), JsonChecker fail29, true
Parse Validation, FastJson (C++), JsonChecker fail30, true
Parse Validation, FastJson (C++), JsonChecker fail31, true
Parse Validation, FastJson (C++), JsonChecker fail32, true
Parse Validation, FastJson (C++), JsonChecker fail33, true
Parse Validation, gason (C++11), JsonChecker pass1, true
Parse Validation, gason (C++11), JsonChecker pass2, true
Parse Validation, gason (C++11), JsonChecker pass3, true
Parse Validation, gason (C++11), JsonChecker fail2, true
Parse Validation, gason (C++11), JsonChecker fail3, true
Parse Validation, gason (C++11), JsonChecker fail4, false
Parse Validation, gason (C++11), JsonChecker fail5, true
Parse Validation, gason (C++11), JsonChecker fail6, true
Parse Validation, gason (C++11), JsonChecker fail7, false
Parse Validation, gason (C++11), JsonChecker fail8, false
Parse Validation, gason (C++11), JsonChecker fail9, false
Parse Validation, gason (C++11), JsonChecker fail10, false
Parse Validation, gason (C++11), JsonChecker fail11, true
Parse Validation, gason (C++11), JsonChecker fail12, true
Parse Validation, gason (C++11), JsonChecker fail13, false
Parse Validation, gason (C++11), JsonChecker fail14, true
Parse Validation, gason (C++11), JsonChecker fail15, true
Parse Validation, gason (C++11), JsonChecker fail16, true
Parse Validation, gason (C++11), JsonChecker fail17, true
Parse Validation, gason (C++11), JsonChecker fail19, false
Parse Validation, gason (C++11), JsonChecker fail20, true
Parse Validation, gason (C++11), JsonChecker fail21, true
Parse Validation, gason (C++11), JsonChecker fail22, true
Parse Validation, gason (C++11), JsonChecker fail23, true
Parse Validation, gason (C++11), JsonChecker fail24, true
Parse Validation, gason (C++11), JsonChecker fail25, true
Parse Validation, gason (C++11), JsonChecker fail26, true
Parse Validation, gason (C++11), JsonChecker fail27, true
Parse Validation, gason (C++11), JsonChecker fail28, true
Parse Validation, gason (C++11), JsonChecker fail29, false
Parse Validation, gason (C++11), JsonChecker fail30, false
Parse Validation, gason (C++11), JsonChecker fail31, true
Parse Validation, gason (C++11), JsonChecker fail32, true
Parse Validation, gason (C++11), JsonChecker fail33, true
Parse Validation, Jansson (C), JsonChecker pass1, true
Parse Validation, Jansson (C), JsonChecker pass2, true
Parse Validation, Jansson (C), JsonChecker pass3, true
Parse Validation, Jansson (C), JsonChecker fail2, true
Parse Validation, Jansson (C), JsonChecker fail3, true
Parse Validation, Jansson (C), JsonChecker fail4, true
Parse Validation, Jansson (C), JsonChecker fail5, true
Parse Validation, Jansson (C), JsonChecker fail6, true
Parse Validation, Jansson (C), JsonChecker fail7, true
Parse Validation, Jansson (C), JsonChecker fail8, true
Parse Validation, Jansson (C), JsonChecker fail9, true
Parse Validation, Jansson (C), JsonChecker fail10, true
Parse Validation, Jansson (C), JsonChecker fail11, true
Parse Validation, Jansson (C), JsonChecker fail12, true
Parse Validation, Jansson (C), JsonChecker fail13, true
Parse Validation, Jansson (C), JsonChecker fail14, true
Parse Validation, Jansson (C), JsonChecker fail15, true
Parse Validation, Jansson (C), JsonChecker fail16, true
Parse Validation, Jansson (C), JsonChecker fail17, true
Parse Validation, Jansson (C), JsonChecker fail19, true
Parse Validation, Jansson (C), JsonChecker fail20, true
Parse Validation, Jansson (C), JsonChecker fail21, true
Parse Validation, Jansson (C), JsonChecker fail22, true
Parse Validation, Jansson (C), JsonChecker fail23, true
Parse Validation, Jansson (C), JsonChecker fail24, true
Parse Validation, Jansson (C), JsonChecker fail25, true
Parse Validation, Jansson (C), JsonChecker fail26, true
Parse Validation, Jansson (C), JsonChecker fail27, true
Parse Validation, Jansson (C), JsonChecker fail28, true
Parse Validation, Jansson (C), JsonChecker fail29, true
Parse Validation, Jansson (C), JsonChecker fail30, true
Parse Validation, Jansson (C), JsonChecker fail31, true
Parse Validation, Jansson (C), JsonChecker fail32, true
Parse Validation, Jansson (C), JsonChecker fail33, true
Parse Validation, JeayeSON (C++14), JsonChecker pass1, true
Parse Validation, JeayeSON (C++14), JsonChecker pass2, true
Parse Validation, JeayeSON (C++14), JsonChecker pass3, true
Parse Validation, JeayeSON (C++14), JsonChecker fail2, false
Parse Validation, JeayeSON (C++14), JsonChecker fail3, false
Parse Validation, JeayeSON (C++14), JsonChecker fail4, false
Parse Validation, JeayeSON (C++14), JsonChecker fail5, false
Parse Validation, JeayeSON (C++14), JsonChecker fail6, false
Parse Validation, JeayeSON (C++14), JsonChecker fail7, false
Parse Validation, JeayeSON (C++14), JsonChecker fail8, false
Parse Validation, JeayeSON (C++14), JsonChecker fail9, false
Parse Validation, JeayeSON (C++14), JsonChecker fail10, false
Parse Validation, JeayeSON (C++14), JsonChecker fail11, false
Parse Validation, JeayeSON (C++14), JsonChecker fail12, false
Parse Validation, JeayeSON (C++14), JsonChecker fail13, false
Parse Validation, JeayeSON (C++14), JsonChecker fail14, false
Parse Validation, JeayeSON (C++14), JsonChecker fail15, false
Parse Validation, JeayeSON (C++14), JsonChecker fail16, false
Parse Validation, JeayeSON (C++14), JsonChecker fail17, false
Parse Validation, JeayeSON (C++14), JsonChecker fail19, false
Parse Validation, JeayeSON (C++14), JsonChecker fail20, false
Parse Validation, JeayeSON (C++14), JsonChecker fail21, false
Parse Validation, JeayeSON (C++14), JsonChecker fail22, false
Parse Validation, JeayeSON (C++14), JsonChecker fail23, false
Parse Validation, JeayeSON (C++14), JsonChecker fail24, false
Parse Validation, JeayeSON (C++14), JsonChecker fail25, false
Parse Validation, JeayeSON (C++14), JsonChecker fail26, false
Parse Validation, JeayeSON (C++14), JsonChecker fail27, false
Parse Validation, JeayeSON (C++14), JsonChecker fail28, false
Parse Validation, JeayeSON (C++14), JsonChecker fail29, false
Parse Validation, JeayeSON (C++14), JsonChecker fail30, false
Parse Validation, JeayeSON (C++14), JsonChecker fail31, false
Parse Validation, JeayeSON (C++14), JsonChecker fail32, false
Parse Validation, JeayeSON (C++14), JsonChecker fail33, false
Parse Validation, JsonBox (C++), JsonChecker pass1, true
Parse Validation, JsonBox (C++), JsonChecker pass2, true
Parse Validation, JsonBox (C++), JsonChecker pass3, true
Parse Validation, JsonBox (C++), JsonChecker fail2, false
Parse Validation, JsonBox (C++), JsonChecker fail3, false
Parse Validation, JsonBox (C++), JsonChecker fail4, false
Parse Validation, JsonBox (C++), JsonChecker fail5, false
Parse Validation, JsonBox (C++), JsonChecker fail6, false
Parse Validation, JsonBox (C++), JsonChecker fail7, false
Parse Validation, JsonBox (C++), JsonChecker fail8, false
Parse Validation, JsonBox (C++), JsonChecker fail9, false
Parse Validation, JsonBox (C++), JsonChecker fail10, false
Parse Validation, JsonBox (C++), JsonChecker fail11, false
Parse Validation, JsonBox (C++), JsonChecker fail12, false
Parse Validation, JsonBox (C++), JsonChecker fail13, false
Parse Validation, JsonBox (C++), JsonChecker fail14, false
Parse Validation, JsonBox (C++), JsonChecker fail15, false
Parse Validation, JsonBox (C++), JsonChecker fail16, false
Parse Validation, JsonBox (C++), JsonChecker fail17, false
Parse Validation, JsonBox (C++), JsonChecker fail19, false
Parse Validation, JsonBox (C++), JsonChecker fail20, false
Parse Validation, JsonBox (C++), JsonChecker fail21, false
Parse Validation, JsonBox (C++), JsonChecker fail22, false
Parse Validation, JsonBox (C++), JsonChecker fail23, false
Parse Validation, JsonBox (C++), JsonChecker fail24, false
Parse Validation, JsonBox (C++), JsonChecker fail25, false
Parse Validation, JsonBox (C++), JsonChecker fail26, false
Parse Validation, JsonBox (C++), JsonChecker fail27, false
Parse Validation, JsonBox (C++), JsonChecker fail28, false
Parse Validation, JsonBox (C++), JsonChecker fail29, false
Parse Validation, JsonBox (C++), JsonChecker fail30, false
Parse Validation, JsonBox (C++), JsonChecker fail31, false
Parse Validation, JsonBox (C++), JsonChecker fail32, false
Parse Validation, JsonBox (C++), JsonChecker fail33, false
Parse Validation, jsoncons (C++), JsonChecker pass1, true
Parse Validation, jsoncons (C++), JsonChecker pass2, true
Parse Validation, jsoncons (C++), JsonChecker pass3, true
Parse Validation, jsoncons (C++), JsonChecker fail2, true
Parse Validation, jsoncons (C++), JsonChecker fail3, true
Parse Validation, jsoncons (C++), JsonChecker fail4, true
Parse Validation, jsoncons (C++), JsonChecker fail5, true
Parse Validation, jsoncons (C++), JsonChecker fail6, true
Parse Validation, jsoncons (C++), JsonChecker fail7, false
Parse Validation, jsoncons (C++), JsonChecker fail8, false
Parse Validation, jsoncons (C++), JsonChecker fail9, true
Parse Validation, jsoncons (C++), JsonChecker fail10, false
Parse Validation, jsoncons (C++), JsonChecker fail11, true
Parse Validation, jsoncons (C++), JsonChecker fail12, true
Parse Validation, jsoncons (C++), JsonChecker fail13, false
Parse Validation, jsoncons (C++), JsonChecker fail14, true
Parse Validation, jsoncons (C++), JsonChecker fail15, true
Parse Validation, jsoncons (C++), JsonChecker fail16, true
Parse Validation, jsoncons (C++), JsonChecker fail17, true
Parse Validation, jsoncons (C++), JsonChecker fail19, true
Parse Validation, jsoncons (C++), JsonChecker fail20, true
Parse Validation, jsoncons (C++), JsonChecker fail21, true
Parse Validation, jsoncons (C++), JsonChecker fail22, true
Parse Validation, jsoncons (C++), JsonChecker fail23, true
Parse Validation, jsoncons (C++), JsonChecker fail24, true
Parse Validation, jsoncons (C++), JsonChecker fail25, true
Parse Validation, jsoncons (C++), JsonChecker fail26, true
Parse Validation, jsoncons (C++), JsonChecker fail27, true
Parse Validation, jsoncons (C++), JsonChecker fail28, true
Parse Validation, jsoncons (C++), JsonChecker fail29, true
Parse Validation, jsoncons (C++), JsonChecker fail30, true
Parse Validation, jsoncons (C++), JsonChecker fail31, true
Parse Validation, jsoncons (C++), JsonChecker fail32, true
Parse Validation, jsoncons (C++), JsonChecker fail33, true
Parse Validation, JsonCpp (C++), JsonChecker pass1, true
Parse Validation, JsonCpp (C++), JsonChecker pass2, true
Parse Validation, JsonCpp (C++), JsonChecker pass3, true
Parse Validation, JsonCpp (C++), JsonChecker fail2, true
Parse Validation, JsonCpp (C++), JsonChecker fail3, true
Parse Validation, JsonCpp (C++), JsonChecker fail4, true
Parse Validation, JsonCpp (C++), JsonChecker fail5, true
Parse Validation, JsonCpp (C++), JsonChecker fail6, true
Parse Validation, JsonCpp (C++), JsonChecker fail7, false
Parse Validation, JsonCpp (C++), JsonChecker fail8, false
Parse Validation, JsonCpp (C++), JsonChecker fail9, true
Parse Validation, JsonCpp (C++), JsonChecker fail10, false
Parse Validation, JsonCpp (C++), JsonChecker fail11, true
Parse Validation, JsonCpp (C++), JsonChecker fail12, true
Parse Validation, JsonCpp (C++), JsonChecker fail13, false
Parse Validation, JsonCpp (C++), JsonChecker fail14, true
Parse Validation, JsonCpp (C++), JsonChecker fail15, true
Parse Validation, JsonCpp (C++), JsonChecker fail16, true
Parse Validation, JsonCpp (C++), JsonChecker fail17, true
Parse Validation, JsonCpp (C++), JsonChecker fail19, true
Parse Validation, JsonCpp (C++), JsonChecker fail20, true
Parse Validation, JsonCpp (C++), JsonChecker fail21, true
Parse Validation, JsonCpp (C++), JsonChecker fail22, true
Parse Validation, JsonCpp (C++), JsonChecker fail23, true
Parse Validation, JsonCpp (C++), JsonChecker fail24, true
Parse Validation, JsonCpp (C++), JsonChecker fail25, false
Parse Validation, JsonCpp (C++), JsonChecker fail26, true
Parse Validation, JsonCpp (C++), JsonChecker fail27, false
Parse Validation, JsonCpp (C++), JsonChecker fail28, true
Parse Validation, JsonCpp (C++), JsonChecker fail29, false
Parse Validation, JsonCpp (C++), JsonChecker fail30, false
Parse Validation, JsonCpp (C++), JsonChecker fail31, false
Parse Validation, JsonCpp (C++), JsonChecker fail32, true
Parse Validation, JsonCpp (C++), JsonChecker fail33, true
Parse Validation, json-c (C), JsonChecker pass1, true
Parse Validation, json-c (C), JsonChecker pass2, true
Parse Validation, json-c (C), JsonChecker pass3, true
Parse Validation, json-c (C), JsonChecker fail2, true
Parse Validation, json-c (C), JsonChecker fail3, true
Parse Validation, json-c (C), JsonChecker fail4, false
Parse Validation, json-c (C), JsonChecker fail5, true
Parse Validation, json-c (C), JsonChecker fail6, true
Parse Validation, json-c (C), JsonChecker fail7, false
Parse Validation, json-c (C), JsonChecker fail8, false
Parse Validation, json-c (C), JsonChecker fail9, false
Parse Validation, json-c (C), JsonChecker fail10, false
Parse Validation, json-c (C), JsonChecker fail11, true
Parse Validation, json-c (C), JsonChecker fail12, true
Parse Validation, json-c (C), JsonChecker fail13, false
Parse Validation, json-c (C), JsonChecker fail14, true
Parse Validation, json-c (C), JsonChecker fail15, true
Parse Validation, json-c (C), JsonChecker fail16, true
Parse Validation, json-c (C), JsonChecker fail17, true
Parse Validation, json-c (C), JsonChecker fail19, true
Parse Validation, json-c (C), JsonChecker fail20, true
Parse Validation, json-c (C), JsonChecker fail21, true
Parse Validation, json-c (C), JsonChecker fail22, true
Parse Validation, json-c (C), JsonChecker fail23, true
Parse Validation, json-c (C), JsonChecker fail24, false
Parse Validation, json-c (C), JsonChecker fail25, false
Parse Validation, json-c (C), JsonChecker fail26, true
Parse Validation, json-c (C), JsonChecker fail27, false
Parse Validation, json-c (C), JsonChecker fail28, true
Parse Validation, json-c (C), JsonChecker fail29, false
Parse Validation, json-c (C), JsonChecker fail30, false
Parse Validation, json-c (C), JsonChecker fail31, false
Parse Validation, json-c (C), JsonChecker fail32, true
Parse Validation, json-c (C), JsonChecker fail33, true
Parse Validation, JSON Spirit (C++), JsonChecker pass1, true
Parse Validation, JSON Spirit (C++), JsonChecker pass2, true
Parse Validation, JSON Spirit (C++), JsonChecker pass3, true
Parse Validation, JSON Spirit (C++), JsonChecker fail2, true
Parse Validation, JSON Spirit (C++), JsonChecker fail3, true
Parse Validation, JSON Spirit (C++), JsonChecker fail4, true
Parse Validation, JSON Spirit (C++), JsonChecker fail5, true
Parse Validation, JSON Spirit (C++), JsonChecker fail6, true
Parse Validation, JSON Spirit (C++), JsonChecker fail7, false
Parse Validation, JSON Spirit (C++), JsonChecker fail8, false
Parse Validation, JSON Spirit (C++), JsonChecker fail9, true
Parse Validation, JSON Spirit (C++), JsonChecker fail10, false
Parse Validation, JSON Spirit (C++), JsonChecker fail11, true
Parse Validation, JSON Spirit (C++), JsonChecker fail12, true
Parse Validation, JSON Spirit (C++), JsonChecker fail13, false
Parse Validation, JSON Spirit (C++), JsonChecker fail14, true
Parse Validation, JSON Spirit (C++), JsonChecker fail15, false
Parse Validation, JSON Spirit (C++), JsonChecker fail16, true
Parse Validation, JSON Spirit (C++), JsonChecker fail17, false
Parse Validation, JSON Spirit (C++), JsonChecker fail19, true
Parse Validation, JSON Spirit (C++), JsonChecker fail20, true
Parse Validation, JSON Spirit (C++), JsonChecker fail21, true
Parse Validation, JSON Spirit (C++), JsonChecker fail22, true
Parse Validation, JSON Spirit (C++), JsonChecker fail23, true
Parse Validation, JSON Spirit (C++), JsonChecker fail24, true
Parse Validation, JSON Spirit (C++), JsonChecker fail25, false
Parse Validation, JSON Spirit (C++), JsonChecker fail26, false
Parse Validation, JSON Spirit (C++), JsonChecker fail27, false
Parse Validation, JSON Spirit (C++), JsonChecker fail28, false
Parse Validation, JSON Spirit (C++), JsonChecker fail29, true
Parse Validation, JSON Spirit (C++), JsonChecker fail30, true
Parse Validation, JSON Spirit (C++), JsonChecker fail31, true
Parse Validation, JSON Spirit (C++), JsonChecker fail32, true
Parse Validation, JSON Spirit (C++), JsonChecker fail33, true
Parse Validation, hjiang/JSON++ (C++), JsonChecker pass1, false
Parse Validation, hjiang/JSON++ (C++), JsonChecker pass2, false
Parse Validation, hjiang/JSON++ (C++), JsonChecker pass3, true
Parse Validation, hjiang/JSON++ (C++), JsonChecker fail2, true
Parse Validation, hjiang/JSON++ (C++), JsonChecker fail3, true
Parse Validation, hjiang/JSON++ (C++), JsonChecker fail4, true
Parse Validation, hjiang/JSON++ (C++), JsonChecker fail5, true
Parse Validation, hjiang/JSON++ (C++), JsonChecker fail6, true
Parse Validation, hjiang/JSON++ (C++), JsonChecker fail7, true
Parse Validation, hjiang/JSON++ (C++), JsonChecker fail8, true
Parse Validation, hjiang/JSON++ (C++), JsonChecker fail9, false
Parse Validation, hjiang/JSON++ (C++), JsonChecker fail10, false
Parse Validation, hjiang/JSON++ (C++), JsonChecker fail11, true
Parse Validation, hjiang/JSON++ (C++), JsonChecker fail12, true
Parse Validation, hjiang/JSON++ (C++), JsonChecker fail13, false
Parse Validation, hjiang/JSON++ (C++), JsonChecker fail14, false
Parse Validation, hjiang/JSON++ (C++), JsonChecker fail15, true
Parse Validation, hjiang/JSON++ (C++), JsonChecker fail16, true
Parse Validation, hjiang/JSON++ (C++), JsonChecker fail17, true
Parse Validation, hjiang/JSON++ (C++), JsonChecker fail19, true
Parse Validation, hjiang/JSON++ (C++), JsonChecker fail20, true
Parse Validation, hjiang/JSON++ (C++), JsonChecker fail21, true
Parse Validation, hjiang/JSON++ (C++), JsonChecker fail22, true
Parse Validation, hjiang/JSON++ (C++), JsonChecker fail23, true
Parse Validation, hjiang/JSON++ (C++), JsonChecker fail24, true
Parse Validation, hjiang/JSON++ (C++), JsonChecker fail25, true
Parse Validation, hjiang/JSON++ (C++), JsonChecker fail26, true
Parse Validation, hjiang/JSON++ (C++), JsonChecker fail27, true
Parse Validation, hjiang/JSON++ (C++), JsonChecker fail28, true
Parse Validation, hjiang/JSON++ (C++), JsonChecker fail29, true
Parse Validation, hjiang/JSON++ (C++), JsonChecker fail30, true
Parse Validation, hjiang/JSON++ (C++), JsonChecker fail31, true
Parse Validation, hjiang/JSON++ (C++), JsonChecker fail32, true
Parse Validation, hjiang/JSON++ (C++), JsonChecker fail33, true
Parse Validation, Jzon (C++), JsonChecker pass1, false
Parse Validation, Jzon (C++), JsonChecker pass2, true
Parse Validation, Jzon (C++), JsonChecker pass3, true
Parse Validation, Jzon (C++), JsonChecker fail2, false
Parse Validation, Jzon (C++), JsonChecker fail3, true
Parse Validation, Jzon (C++), JsonChecker fail4, true
Parse Validation, Jzon (C++), JsonChecker fail5, true
Parse Validation, Jzon (C++), JsonChecker fail6, false
Parse Validation, Jzon (C++), JsonChecker fail7, false
Parse Validation, Jzon (C++), JsonChecker fail8, true
Parse Validation, Jzon (C++), JsonChecker fail9, false
Parse Validation, Jzon (C++), JsonChecker fail10, true
Parse Validation, Jzon (C++), JsonChecker fail11, true
Parse Validation, Jzon (C++), JsonChecker fail12, true
Parse Validation, Jzon (C++), JsonChecker fail13, false
Parse Validation, Jzon (C++), JsonChecker fail14, true
Parse Validation, Jzon (C++), JsonChecker fail15, false
Parse Validation, Jzon (C++), JsonChecker fail16, true
Parse Validation, Jzon (C++), JsonChecker fail17, false
Parse Validation, Jzon (C++), JsonChecker fail19, false
Parse Validation, Jzon (C++), JsonChecker fail20, false
Parse Validation, Jzon (C++), JsonChecker fail21, false
Parse Validation, Jzon (C++), JsonChecker fail22, false
Parse Validation, Jzon (C++), JsonChecker fail23, true
Parse Validation, Jzon (C++), JsonChecker fail24, true
Parse Validation, Jzon (C++), JsonChecker fail25, false
Parse Validation, Jzon (C++), JsonChecker fail26, false
Parse Validation, Jzon (C++), JsonChecker fail27, false
Parse Validation, Jzon (C++), JsonChecker fail28, false
Parse Validation, Jzon (C++), JsonChecker fail29, true
Parse Validation, Jzon (C++), JsonChecker fail30, true
Parse Validation, Jzon (C++), JsonChecker fail31, true
Parse Validation, Jzon (C++), JsonChecker fail32, false
Parse Validation, Jzon (C++), JsonChecker fail33, true
Parse Validation, nbsdx/SimpleJSON (C++11), JsonChecker pass1, false
Parse Validation, nbsdx/SimpleJSON (C++11), JsonChecker pass2, true
Parse Validation, nbsdx/SimpleJSON (C++11), JsonChecker pass3, true
Parse Validation, nbsdx/SimpleJSON (C++11), JsonChecker fail2, false
Parse Validation, nbsdx/SimpleJSON (C++11), JsonChecker fail3, false
Parse Validation, nbsdx/SimpleJSON (C++11), JsonChecker fail4, false
Parse Validation, nbsdx/SimpleJSON (C++11), JsonChecker fail5, false
Parse Validation, nbsdx/SimpleJSON (C++11), JsonChecker fail6, false
Parse Validation, nbsdx/SimpleJSON (C++11), JsonChecker fail7, false
Parse Validation, nbsdx/SimpleJSON (C++11), JsonChecker fail8, false
Parse Validation, nbsdx/SimpleJSON (C++11), JsonChecker fail9, false
Parse Validation, nbsdx/SimpleJSON (C++11), JsonChecker fail10, false
Parse Validation, nbsdx/SimpleJSON (C++11), JsonChecker fail11, false
Parse Validation, nbsdx/SimpleJSON (C++11), JsonChecker fail12, false
Parse Validation, nbsdx/SimpleJSON (C++11), JsonChecker fail13, false
Parse Validation, nbsdx/SimpleJSON (C++11), JsonChecker fail14, false
Parse Validation, nbsdx/SimpleJSON (C++11), JsonChecker fail15, false
Parse Validation, nbsdx/SimpleJSON (C++11), JsonChecker fail16, false
Parse Validation, nbsdx/SimpleJSON (C++11), JsonChecker fail17, false
Parse Validation, nbsdx/SimpleJSON (C++11), JsonChecker fail19, false
Parse Validation, nbsdx/SimpleJSON (C++11), JsonChecker fail20, false
Parse Validation, nbsdx/SimpleJSON (C++11), JsonChecker fail21, false
Parse Validation, nbsdx/SimpleJSON (C++11), JsonChecker fail22, false
Parse Validation, nbsdx/SimpleJSON (C++11), JsonChecker fail23, false
Parse Validation, nbsdx/SimpleJSON (C++11), JsonChecker fail24, false
Parse Validation, nbsdx/SimpleJSON (C++11), JsonChecker fail25, false
Parse Validation, nbsdx/SimpleJSON (C++11), JsonChecker fail26, false
Parse Validation, nbsdx/SimpleJSON (C++11), JsonChecker fail27, false
Parse Validation, nbsdx/SimpleJSON (C++11), JsonChecker fail28, false
Parse Validation, nbsdx/SimpleJSON (C++11), JsonChecker fail29, false
Parse Validation, nbsdx/SimpleJSON (C++11), JsonChecker fail30, true
Parse Validation, nbsdx/SimpleJSON (C++11), JsonChecker fail31, false
Parse Validation, nbsdx/SimpleJSON (C++11), JsonChecker fail32, false
Parse Validation, nbsdx/SimpleJSON (C++11), JsonChecker fail33, false
Parse Validation, Nlohmann (C++11), JsonChecker pass1, true
Parse Validation, Nlohmann (C++11), JsonChecker pass2, true
Parse Validation, Nlohmann (C++11), JsonChecker pass3, true
Parse Validation, Nlohmann (C++11), JsonChecker fail2, true
Parse Validation, Nlohmann (C++11), JsonChecker fail3, true
Parse Validation, Nlohmann (C++11), JsonChecker fail4, true
Parse Validation, Nlohmann (C++11), JsonChecker fail5, true
Parse Validation, Nlohmann (C++11), JsonChecker fail6, false
Parse Validation, Nlohmann (C++11), JsonChecker fail7, true
Parse Validation, Nlohmann (C++11), JsonChecker fail8, true
Parse Validation, Nlohmann (C++11), JsonChecker fail9, true
Parse Validation, Nlohmann (C++11), JsonChecker fail10, true
Parse Validation, Nlohmann (C++11), JsonChecker fail11, true
Parse Validation, Nlohmann (C++11), JsonChecker fail12, true
Parse Validation, Nlohmann (C++11), JsonChecker fail13, true
Parse Validation, Nlohmann (C++11), JsonChecker fail14, true
Parse Validation, Nlohmann (C++11), JsonChecker fail15, true
Parse Validation, Nlohmann (C++11), JsonChecker fail16, true
Parse Validation, Nlohmann (C++11), JsonChecker fail17, true
Parse Validation, Nlohmann (C++11), JsonChecker fail19, true
Parse Validation, Nlohmann (C++11), JsonChecker fail20, true
Parse Validation, Nlohmann (C++11), JsonChecker fail21, true
Parse Validation, Nlohmann (C++11), JsonChecker fail22, true
Parse Validation, Nlohmann (C++11), JsonChecker fail23, true
Parse Validation, Nlohmann (C++11), JsonChecker fail24, true
Parse Validation, Nlohmann (C++11), JsonChecker fail25, false
Parse Validation, Nlohmann (C++11), JsonChecker fail26, true
Parse Validation, Nlohmann (C++11), JsonChecker fail27, false
Parse Validation, Nlohmann (C++11), JsonChecker fail28, true
Parse Validation, Nlohmann (C++11), JsonChecker fail29, true
Parse Validation, Nlohmann (C++11), JsonChecker fail30, true
Parse Validation, Nlohmann (C++11), JsonChecker fail31, true
Parse Validation, Nlohmann (C++11), JsonChecker fail32, true
Parse Validation, Nlohmann (C++11), JsonChecker fail33, true
Parse Validation, Parson (C), JsonChecker pass1, true
Parse Validation, Parson (C), JsonChecker pass2, true
Parse Validation, Parson (C), JsonChecker pass3, true
Parse Validation, Parson (C), JsonChecker fail2, true
Parse Validation, Parson (C), JsonChecker fail3, true
Parse Validation, Parson (C), JsonChecker fail4, true
Parse Validation, Parson (C), JsonChecker fail5, true
Parse Validation, Parson (C), JsonChecker fail6, true
Parse Validation, Parson (C), JsonChecker fail7, false
Parse Validation, Parson (C), JsonChecker fail8, false
Parse Validation, Parson (C), JsonChecker fail9, true
Parse Validation, Parson (C), JsonChecker fail10, false
Parse Validation, Parson (C), JsonChecker fail11, true
Parse Validation, Parson (C), JsonChecker fail12, true
Parse Validation, Parson (C), JsonChecker fail13, true
Parse Validation, Parson (C), JsonChecker fail14, true
Parse Validation, Parson (C), JsonChecker fail15, true
Parse Validation, Parson (C), JsonChecker fail16, true
Parse Validation, Parson (C), JsonChecker fail17, true
Parse Validation, Parson (C), JsonChecker fail19, true
Parse Validation, Parson (C), JsonChecker fail20, true
Parse Validation, Parson (C), JsonChecker fail21, true
Parse Validation, Parson (C), JsonChecker fail22, true
Parse Validation, Parson (C), JsonChecker fail23, true
Parse Validation, Parson (C), JsonChecker fail24, true
Parse Validation, Parson (C), JsonChecker fail25, true
Parse Validation, Parson (C), JsonChecker fail26, true
Parse Validation, Parson (C), JsonChecker fail27, true
Parse Validation, Parson (C), JsonChecker fail28, true
Parse Validation, Parson (C), JsonChecker fail29, true
Parse Validation, Parson (C), JsonChecker fail30, true
Parse Validation, Parson (C), JsonChecker fail31, true
Parse Validation, Parson (C), JsonChecker fail32, true
Parse Validation, Parson (C), JsonChecker fail33, true
Parse Validation, PicoJSON (C++), JsonChecker pass1, true
Parse Validation, PicoJSON (C++), JsonChecker pass2, true
Parse Validation, PicoJSON (C++), JsonChecker pass3, true
Parse Validation, PicoJSON (C++), JsonChecker fail2, true
Parse Validation, PicoJSON (C++), JsonChecker fail3, true
Parse Validation, PicoJSON (C++), JsonChecker fail4, true
Parse Validation, PicoJSON (C++), JsonChecker fail5, true
Parse Validation, PicoJSON (C++), JsonChecker fail6, true
Parse Validation, PicoJSON (C++), JsonChecker fail7, false
Parse Validation, PicoJSON (C++), JsonChecker fail8, false
Parse Validation, PicoJSON (C++), JsonChecker fail9, true
Parse Validation, PicoJSON (C++), JsonChecker fail10, false
Parse Validation, PicoJSON (C++), JsonChecker fail11, true
Parse Validation, PicoJSON (C++), JsonChecker fail12, true
Parse Validation, PicoJSON (C++), JsonChecker fail13, false
Parse Validation, PicoJSON (C++), JsonChecker fail14, true
Parse Validation, PicoJSON (C++), JsonChecker fail15, true
Parse Validation, PicoJSON (C++), JsonChecker fail16, true
Parse Validation, PicoJSON (C++), JsonChecker fail17, true
Parse Validation, PicoJSON (C++), JsonChecker fail19, true
Parse Validation, PicoJSON (C++), JsonChecker fail20, true
Parse Validation, PicoJSON (C++), JsonChecker fail21, true
Parse Validation, PicoJSON (C++), JsonChecker fail22, true
Parse Validation, PicoJSON (C++), JsonChecker fail23, true
Parse Validation, PicoJSON (C++), JsonChecker fail24, true
Parse Validation, PicoJSON (C++), JsonChecker fail25, true
Parse Validation, PicoJSON (C++), JsonChecker fail26, true
Parse Validation, PicoJSON (C++), JsonChecker fail27, true
Parse Validation, PicoJSON (C++), JsonChecker fail28, true
Parse Validation, PicoJSON (C++), JsonChecker fail29, true
Parse Validation, PicoJSON (C++), JsonChecker fail30, true
Parse Validation, PicoJSON (C++), JsonChecker fail31, true
Parse Validation, PicoJSON (C++), JsonChecker fail32, true
Parse Validation, PicoJSON (C++), JsonChecker fail33, true
Parse Validation, RapidJSON_AutoUTF (C++), JsonChecker pass1, true
Parse Validation, RapidJSON_AutoUTF (C++), JsonChecker pass2, true
Parse Validation, RapidJSON_AutoUTF (C++), JsonChecker pass3, true
Parse Validation, RapidJSON_AutoUTF (C++), JsonChecker fail2, true
Parse Validation, RapidJSON_AutoUTF (C++), JsonChecker fail3, true
Parse Validation, RapidJSON_AutoUTF (C++), JsonChecker fail4, true
Parse Validation, RapidJSON_AutoUTF (C++), JsonChecker fail5, true
Parse Validation, RapidJSON_AutoUTF (C++), JsonChecker fail6, true
Parse Validation, RapidJSON_AutoUTF (C++), JsonChecker fail7, true
Parse Validation, RapidJSON_AutoUTF (C++), JsonChecker fail8, true
Parse Validation, RapidJSON_AutoUTF (C++), JsonChecker fail9, true
Parse Validation, RapidJSON_AutoUTF (C++), JsonChecker fail10, true
Parse Validation, RapidJSON_AutoUTF (C++), JsonChecker fail11, true
Parse Validation, RapidJSON_AutoUTF (C++), JsonChecker fail12, true
Parse Validation, RapidJSON_AutoUTF (C++), JsonChecker fail13, true
Parse Validation, RapidJSON_AutoUTF (C++), JsonChecker fail14, true
Parse Validation, RapidJSON_AutoUTF (C++), JsonChecker fail15, true
Parse Validation, RapidJSON_AutoUTF (C++), JsonChecker fail16, true
Parse Validation, RapidJSON_AutoUTF (C++), JsonChecker fail17, true
Parse Validation, RapidJSON_AutoUTF (C++), JsonChecker fail19, true
Parse Validation, RapidJSON_AutoUTF (C++), JsonChecker fail20, true
Parse Validation, RapidJSON_AutoUTF (C++), JsonChecker fail21, true
Parse Validation, RapidJSON_AutoUTF (C++), JsonChecker fail22, true
Parse Validation, RapidJSON_AutoUTF (C++), JsonChecker fail23, true
Parse Validation, RapidJSON_AutoUTF (C++), JsonChecker fail24, true
Parse Validation, RapidJSON_AutoUTF (C++), JsonChecker fail25, true
Parse Validation, RapidJSON_AutoUTF (C++), JsonChecker fail26, true
Parse Validation, RapidJSON_AutoUTF (C++), JsonChecker fail27, true
Parse Validation, RapidJSON_AutoUTF (C++), JsonChecker fail28, true
Parse Validation, RapidJSON_AutoUTF (C++), JsonChecker fail29, true
Parse Validation, RapidJSON_AutoUTF (C++), JsonChecker fail30, true
Parse Validation, RapidJSON_AutoUTF (C++), JsonChecker fail31, true
Parse Validation, RapidJSON_AutoUTF (C++), JsonChecker fail32, true
Parse Validation, RapidJSON_AutoUTF (C++), JsonChecker fail33, true
Parse Validation, RapidJSON (C++), JsonChecker pass1, true
Parse Validation, RapidJSON (C++), JsonChecker pass2, true
Parse Validation, RapidJSON (C++), JsonChecker pass3, true
Parse Validation, RapidJSON (C++), JsonChecker fail2, true
Parse Validation, RapidJSON (C++), JsonChecker fail3, true
Parse Validation, RapidJSON (C++), JsonChecker fail4, true
Parse Validation, RapidJSON (C++), JsonChecker fail5, true
Parse Validation, RapidJSON (C++), JsonChecker fail6, true
Parse Validation, RapidJSON (C++), JsonChecker fail7, true
Parse Validation, RapidJSON (C++), JsonChecker fail8, true
Parse Validation, RapidJSON (C++), JsonChecker fail9, true
Parse Validation, RapidJSON (C++), JsonChecker fail10, true
Parse Validation, RapidJSON (C++), JsonChecker fail11, true
Parse Validation, RapidJSON (C++), JsonChecker fail12, true
Parse Validation, RapidJSON (C++), JsonChecker fail13, true
Parse Validation, RapidJSON (C++), JsonChecker fail14, true
Parse Validation, RapidJSON (C++), JsonChecker fail15, true
Parse Validation, RapidJSON (C++), JsonChecker fail16, true
Parse Validation, RapidJSON (C++), JsonChecker fail17, true
Parse Validation, RapidJSON (C++), JsonChecker fail19, true
Parse Validation, RapidJSON (C++), JsonChecker fail20, true
Parse Validation, RapidJSON (C++), JsonChecker fail21, true
Parse Validation, RapidJSON (C++), JsonChecker fail22, true
Parse Validation, RapidJSON (C++), JsonChecker fail23, true
Parse Validation, RapidJSON (C++), JsonChecker fail24, true
Parse Validation, RapidJSON (C++), JsonChecker fail25, true
Parse Validation, RapidJSON (C++), JsonChecker fail26, true
Parse Validation, RapidJSON (C++), JsonChecker fail27, true
Parse Validation, RapidJSON (C++), JsonChecker fail28, true
Parse Validation, RapidJSON (C++), JsonChecker fail29, true
Parse Validation, RapidJSON (C++), JsonChecker fail30, true
Parse Validation, RapidJSON (C++), JsonChecker fail31, true
Parse Validation, RapidJSON (C++), JsonChecker fail32, true
Parse Validation, RapidJSON (C++), JsonChecker fail33, true
Parse Validation, SimpleJSON (C++), JsonChecker pass1, true
Parse Validation, SimpleJSON (C++), JsonChecker pass2, true
Parse Validation, SimpleJSON (C++), JsonChecker pass3, true
Parse Validation, SimpleJSON (C++), JsonChecker fail2, true
Parse Validation, SimpleJSON (C++), JsonChecker fail3, true
Parse Validation, SimpleJSON (C++), JsonChecker fail4, true
Parse Validation, SimpleJSON (C++), JsonChecker fail5, true
Parse Validation, SimpleJSON (C++), JsonChecker fail6, true
Parse Validation, SimpleJSON (C++), JsonChecker fail7, true
Parse Validation, SimpleJSON (C++), JsonChecker fail8, true
Parse Validation, SimpleJSON (C++), JsonChecker fail9, true
Parse Validation, SimpleJSON (C++), JsonChecker fail10, true
Parse Validation, SimpleJSON (C++), JsonChecker fail11, true
Parse Validation, SimpleJSON (C++), JsonChecker fail12, true
Parse Validation, SimpleJSON (C++), JsonChecker fail13, true
Parse Validation, SimpleJSON (C++), JsonChecker fail14, true
Parse Validation, SimpleJSON (C++), JsonChecker fail15, true
Parse Validation, SimpleJSON (C++), JsonChecker fail16, true
Parse Validation, SimpleJSON (C++), JsonChecker fail17, true
Parse Validation, SimpleJSON (C++), JsonChecker fail19, true
Parse Validation, SimpleJSON (C++), JsonChecker fail20, true
Parse Validation, SimpleJSON (C++), JsonChecker fail21, true
Parse Validation, SimpleJSON (C++), JsonChecker fail22, true
Parse Validation, SimpleJSON (C++), JsonChecker fail23, true
Parse Validation, SimpleJSON (C++), JsonChecker fail24, true
Parse Validation, SimpleJSON (C++), JsonChecker fail25, false
Parse Validation, SimpleJSON (C++), JsonChecker fail26, true
Parse Validation, SimpleJSON (C++), JsonChecker fail27, true
Parse Validation, SimpleJSON (C++), JsonChecker fail28, true
Parse Validation, SimpleJSON (C++), JsonChecker fail29, true
Parse Validation, SimpleJSON (C++), JsonChecker fail30, true
Parse Validation, SimpleJSON (C++), JsonChecker fail31, true
Parse Validation, SimpleJSON (C++), JsonChecker fail32, true
Parse Validation, SimpleJSON (C++), JsonChecker fail33, true
Parse Validation, udp/json-parser (C), JsonChecker pass1, true
Parse Validation, udp/json-parser (C), JsonChecker pass2, true
Parse Validation, udp/json-parser (C), JsonChecker pass3, true
Parse Validation, udp/json-parser (C), JsonChecker fail2, true
Parse Validation, udp/json-parser (C), JsonChecker fail3, true
Parse Validation, udp/json-parser (C), JsonChecker fail4, false
Parse Validation, udp/json-parser (C), JsonChecker fail5, true
Parse Validation, udp/json-parser (C), JsonChecker fail6, true
Parse Validation, udp/json-parser (C), JsonChecker fail7, true
Parse Validation, udp/json-parser (C), JsonChecker fail8, true
Parse Validation, udp/json-parser (C), JsonChecker fail9, false
Parse Validation, udp/json-parser (C), JsonChecker fail10, true
Parse Validation, udp/json-parser (C), JsonChecker fail11, true
Parse Validation, udp/json-parser (C), JsonChecker fail12, true
Parse Validation, udp/json-parser (C), JsonChecker fail13, true
Parse Validation, udp/json-parser (C), JsonChecker fail14, true
Parse Validation, udp/json-parser (C), JsonChecker fail15, false
Parse Validation, udp/json-parser (C), JsonChecker fail16, true
Parse Validation, udp/json-parser (C), JsonChecker fail17, false
Parse Validation, udp/json-parser (C), JsonChecker fail19, true
Parse Validation, udp/json-parser (C), JsonChecker fail20, true
Parse Validation, udp/json-parser (C), JsonChecker fail21, true
Parse Validation, udp/json-parser (C), JsonChecker fail22, true
Parse Validation, udp/json-parser (C), JsonChecker fail23, true
Parse Validation, udp/json-parser (C), JsonChecker fail24, true
Parse Validation, udp/json-parser (C), JsonChecker fail25, false
Parse Validation, udp/json-parser (C), JsonChecker fail26, false
Parse Validation, udp/json-parser (C), JsonChecker fail27, false
Parse Validation, udp/json-parser (C), JsonChecker fail28, false
Parse Validation, udp/json-parser (C), JsonChecker fail29, true
Parse Validation, udp/json-parser (C), JsonChecker fail30, true
Parse Validation, udp/json-parser (C), JsonChecker fail31, true
Parse Validation, udp/json-parser (C), JsonChecker fail32, true
Parse Validation, udp/json-parser (C), JsonChecker fail33, true
Parse Validation, ujson4c (C), JsonChecker pass1, true
Parse Validation, ujson4c (C), JsonChecker pass2, true
Parse Validation, ujson4c (C), JsonChecker pass3, true
Parse Validation, ujson4c (C), JsonChecker fail2, true
Parse Validation, ujson4c (C), JsonChecker fail3, true
Parse Validation, ujson4c (C), JsonChecker fail4, true
Parse Validation, ujson4c (C), JsonChecker fail5, true
Parse Validation, ujson4c (C), JsonChecker fail6, true
Parse Validation, ujson4c (C), JsonChecker fail7, true
Parse Validation, ujson4c (C), JsonChecker fail8, true
Parse Validation, ujson4c (C), JsonChecker fail9, false
Parse Validation, ujson4c (C), JsonChecker fail10, true
Parse Validation, ujson4c (C), JsonChecker fail11, true
Parse Validation, ujson4c (C), JsonChecker fail12, true
Parse Validation, ujson4c (C), JsonChecker fail13, false
Parse Validation, ujson4c (C), JsonChecker fail14, true
Parse Validation, ujson4c (C), JsonChecker fail15, true
Parse Validation, ujson4c (C), JsonChecker fail16, true
Parse Validation, ujson4c (C), JsonChecker fail17, true
Parse Validation, ujson4c (C), JsonChecker fail19, true
Parse Validation, ujson4c (C), JsonChecker fail20, true
Parse Validation, ujson4c (C), JsonChecker fail21, true
Parse Validation, ujson4c (C), JsonChecker fail22, true
Parse Validation, ujson4c (C), JsonChecker fail23, true
Parse Validation, ujson4c (C), JsonChecker fail24, true
Parse Validation, ujson4c (C), JsonChecker fail25, false
Parse Validation, ujson4c (C), JsonChecker fail26, true
Parse Validation, ujson4c (C), JsonChecker fail27, false
Parse Validation, ujson4c (C), JsonChecker fail28, true
Parse Validation, ujson4c (C), JsonChecker fail29, false
Parse Validation, ujson4c (C), JsonChecker fail30, false
Parse Validation, ujson4c (C), JsonChecker fail31, true
Parse Validation, ujson4c (C), JsonChecker fail32, true
Parse Validation, ujson4c (C), JsonChecker fail33, true
Parse Validation, Vinenthz/libjson (C), JsonChecker pass1, true
Parse Validation, Vinenthz/libjson (C), JsonChecker pass2, true
Parse Validation, Vinenthz/libjson (C), JsonChecker pass3, true
Parse Validation, Vinenthz/libjson (C), JsonChecker fail2, false
Parse Validation, Vinenthz/libjson (C), JsonChecker fail3, true
Parse Validation, Vinenthz/libjson (C), JsonChecker fail4, true
Parse Validation, Vinenthz/libjson (C), JsonChecker fail5, true
Parse Validation, Vinenthz/libjson (C), JsonChecker fail6, true
Parse Validation, Vinenthz/libjson (C), JsonChecker fail7, true
Parse Validation, Vinenthz/libjson (C), JsonChecker fail8, true
Parse Validation, Vinenthz/libjson (C), JsonChecker fail9, true
Parse Validation, Vinenthz/libjson (C), JsonChecker fail10, true
Parse Validation, Vinenthz/libjson (C), JsonChecker fail11, true
Parse Validation, Vinenthz/libjson (C), JsonChecker fail12, true
Parse Validation, Vinenthz/libjson (C), JsonChecker fail13, true
Parse Validation, Vinenthz/libjson (C), JsonChecker fail14, true
Parse Validation, Vinenthz/libjson (C), JsonChecker fail15, true
Parse Validation, Vinenthz/libjson (C), JsonChecker fail16, true
Parse Validation, Vinenthz/libjson (C), JsonChecker fail17, true
Parse Validation, Vinenthz/libjson (C), JsonChecker fail19, true
Parse Validation, Vinenthz/libjson (C), JsonChecker fail20, true
Parse Validation, Vinenthz/libjson (C), JsonChecker fail21, true
Parse Validation, Vinenthz/libjson (C), JsonChecker fail22, true
Parse Validation, Vinenthz/libjson (C), JsonChecker fail23, true
Parse Validation, Vinenthz/libjson (C), JsonChecker fail24, true
Parse Validation, Vinenthz/libjson (C), JsonChecker fail25, true
Parse Validation, Vinenthz/libjson (C), JsonChecker fail26, true
Parse Validation, Vinenthz/libjson (C), JsonChecker fail27, true
Parse Validation, Vinenthz/libjson (C), JsonChecker fail28, true
Parse Validation, Vinenthz/libjson (C), JsonChecker fail29, true
Parse Validation, Vinenthz/libjson (C), JsonChecker fail30, true
Parse Validation, Vinenthz/libjson (C), JsonChecker fail31, true
Parse Validation, Vinenthz/libjson (C), JsonChecker fail32, false
Parse Validation, Vinenthz/libjson (C), JsonChecker fail33, true
Parse Validation, JSON Voorhees (C++), JsonChecker pass1, true
Parse Validation, JSON Voorhees (C++), JsonChecker pass2, true
Parse Validation, JSON Voorhees (C++), JsonChecker pass3, true
Parse Validation, JSON Voorhees (C++), JsonChecker fail2, true
Parse Validation, JSON Voorhees (C++), JsonChecker fail3, true
Parse Validation, JSON Voorhees (C++), JsonChecker fail4, false
Parse Validation, JSON Voorhees (C++), JsonChecker fail5, true
Parse Validation, JSON Voorhees (C++), JsonChecker fail6, true
Parse Validation, JSON Voorhees (C++), JsonChecker fail7, true
Parse Validation, JSON Voorhees (C++), JsonChecker fail8, true
Parse Validation, JSON Voorhees (C++), JsonChecker fail9, false
Parse Validation, JSON Voorhees (C++), JsonChecker fail10, true
Parse Validation, JSON Voorhees (C++), JsonChecker fail11, true
Parse Validation, JSON Voorhees (C++), JsonChecker fail12, true
Parse Validation, JSON Voorhees (C++), JsonChecker fail13, false
Parse Validation, JSON Voorhees (C++), JsonChecker fail14, true
Parse Validation, JSON Voorhees (C++), JsonChecker fail15, true
Parse Validation, JSON Voorhees (C++), JsonChecker fail16, true
Parse Validation, JSON Voorhees (C++), JsonChecker fail17, true
Parse Validation, JSON Voorhees (C++), JsonChecker fail19, true
Parse Validation, JSON Voorhees (C++), JsonChecker fail20, true
Parse Validation, JSON Voorhees (C++), JsonChecker fail21, true
Parse Validation, JSON Voorhees (C++), JsonChecker fail22, true
Parse Validation, JSON Voorhees (C++), JsonChecker fail23, true
Parse Validation, JSON Voorhees (C++), JsonChecker fail24, true
Parse Validation, JSON Voorhees (C++), JsonChecker fail25, false
Parse Validation, JSON Voorhees (C++), JsonChecker fail26, true
Parse Validation, JSON Voorhees (C++), JsonChecker fail27, false
Parse Validation, JSON Voorhees (C++), JsonChecker fail28, true
Parse Validation, JSON Voorhees (C++), JsonChecker fail29, true
Parse Validation, JSON Voorhees (C++), JsonChecker fail30, true
Parse Validation, JSON Voorhees (C++), JsonChecker fail31, true
Parse Validation, JSON Voorhees (C++), JsonChecker fail32, true
Parse Validation, JSON Voorhees (C++), JsonChecker fail33, true
Parse Validation, YAJL (C), JsonChecker pass1, true
Parse Validation, YAJL (C), JsonChecker pass2, true
Parse Validation, YAJL (C), JsonChecker pass3, true
Parse Validation, YAJL (C), JsonChecker fail2, true
Parse Validation, YAJL (C), JsonChecker fail3, true
Parse Validation, YAJL (C), JsonChecker fail4, true
Parse Validation, YAJL (C), JsonChecker fail5, true
Parse Validation, YAJL (C), JsonChecker fail6, true
Parse Validation, YAJL (C), JsonChecker fail7, true
Parse Validation, YAJL (C), JsonChecker fail8, true
Parse Validation, YAJL (C), JsonChecker fail9, true
Parse Validation, YAJL (C), JsonChecker fail10, true
Parse Validation, YAJL (C), JsonChecker fail11, true
Parse Validation, YAJL (C), JsonChecker fail12, true
Parse Validation, YAJL (C), JsonChecker fail13, true
Parse Validation, YAJL (C), JsonChecker fail14, true
Parse Validation, YAJL (C), JsonChecker fail15, true
Parse Validation, YAJL (C), JsonChecker fail16, true
Parse Validation, YAJL (C), JsonChecker fail17, true
Parse Validation, YAJL (C), JsonChecker fail19, true
Parse Validation, YAJL (C), JsonChecker fail20, true
Parse Validation, YAJL (C), JsonChecker fail21, true
Parse Validation, YAJL (C), JsonChecker fail22, true
Parse Validation, YAJL (C), JsonChecker fail23, true
Parse Validation, YAJL (C), JsonChecker fail24, true
Parse Validation, YAJL (C), JsonChecker fail25, true
Parse Validation, YAJL (C), JsonChecker fail26, true
Parse Validation, YAJL (C), JsonChecker fail27, true
Parse Validation, YAJL (C), JsonChecker fail28, true
Parse Validation, YAJL (C), JsonChecker fail29, true
Parse Validation, YAJL (C), JsonChecker fail30, true
Parse Validation, YAJL (C), JsonChecker fail31, true
Parse Validation, YAJL (C), JsonChecker fail32, true
Parse Validation, YAJL (C), JsonChecker fail33, true
